Soil_Type;Crop;Rainfall_mm;Temperature_Celsius;Fertilizer_Used;Irrigation_Used;Weather_Condition;Days_to_Harvest;Yield_tons_per_hectare
Sandy;Cotton;897,0772391;27,67696637;FALSE;TRUE;Cloudy;122;6,555816258
Clay;Rice;992,6732816;18,02614225;TRUE;TRUE;Rainy;140;8,527340906
Loam;Barley;147,9980253;29,79404242;FALSE;FALSE;Sunny;106;1,127443336
Sandy;Soybean;986,8663313;16,64419019;FALSE;TRUE;Rainy;146;6,517572508
Silt;Wheat;730,3791744;31,62068737;TRUE;TRUE;Cloudy;110;7,248251218
Silt;Soybean;797,4711824;37,70497447;FALSE;TRUE;Rainy;74;5,898416312
Clay;Wheat;357,9023572;31,59343139;FALSE;FALSE;Rainy;90;2,652391665
Sandy;Rice;441,1311536;30,887107;TRUE;TRUE;Sunny;61;5,829542349
Silt;Wheat;181,5878606;26,75272858;TRUE;FALSE;Sunny;127;2,943716457
Sandy;Wheat;395,0489683;17,64619896;FALSE;TRUE;Rainy;140;3,707293127
Peaty;Wheat;385,1353145;21,65619173;FALSE;FALSE;Sunny;73;2,56444246
Sandy;Cotton;145,3006808;19,75553499;TRUE;TRUE;Cloudy;141;4,367612094
Peaty;Cotton;607,150252;15,5621633;TRUE;TRUE;Sunny;136;6,52518616
Clay;Barley;929,1237352;29,67730314;FALSE;TRUE;Rainy;134;6,493030752
Peaty;Barley;621,7783877;26,84317298;TRUE;FALSE;Rainy;77;4,573219248
Chalky;Rice;874,4567441;27,25686896;TRUE;FALSE;Sunny;115;5,839291311
Peaty;Wheat;787,0843057;25,67291966;FALSE;FALSE;Cloudy;68;4,36688061
Clay;Cotton;416,8986316;23,19081003;TRUE;TRUE;Sunny;95;4,85892438
Sandy;Barley;977,2590831;17,60409957;FALSE;TRUE;Sunny;93;5,778099045
Clay;Maize;888,2076303;39,94550938;TRUE;FALSE;Rainy;76;7,173036677
Clay;Cotton;990,267439;24,07205187;FALSE;TRUE;Sunny;110;6,187396154
Loam;Barley;183,9396984;34,22792305;TRUE;FALSE;Cloudy;99;3,017923632
Clay;Rice;935,8027653;20,88777425;TRUE;TRUE;Rainy;71;7,756962285
Loam;Wheat;824,4399399;29,84743199;FALSE;FALSE;Sunny;100;4,551048007
Peaty;Cotton;480,3051868;35,46198556;FALSE;FALSE;Rainy;121;2,939337928
Chalky;Maize;170,8144562;29,11637668;FALSE;TRUE;Sunny;133;2,332254904
Clay;Wheat;615,3492037;27,7556319;TRUE;FALSE;Rainy;142;4,876587312
Silt;Barley;334,7285763;31,13704658;TRUE;TRUE;Sunny;140;4,459294447
Silt;Maize;259,4181251;17,26189246;FALSE;FALSE;Sunny;110;2,338540521
Loam;Wheat;786,7701031;23,19937137;TRUE;TRUE;Rainy;123;6,93758935
Silt;Maize;609,7987642;38,26585114;TRUE;FALSE;Cloudy;127;5,113587741
Silt;Rice;476,6827789;29,34104312;TRUE;TRUE;Sunny;67;6,407034489
Clay;Wheat;356,8231001;36,5777972;TRUE;FALSE;Cloudy;130;4,007912822
Loam;Soybean;600,1997541;20,93536015;TRUE;FALSE;Sunny;75;4,898180753
Loam;Rice;180,7203767;18,21203323;FALSE;FALSE;Rainy;83;0,801898157
Sandy;Barley;475,7819349;22,94625368;FALSE;FALSE;Rainy;94;3,607496381
Clay;Maize;599,8754927;19,90929232;TRUE;FALSE;Cloudy;63;4,696425465
Peaty;Cotton;492,5633865;17,20915031;FALSE;TRUE;Cloudy;86;5,627777991
Silt;Cotton;841,5627151;17,57187667;TRUE;TRUE;Sunny;98;6,748042937
Clay;Barley;808,9816113;36,13054343;TRUE;FALSE;Cloudy;66;6,314786278
Peaty;Barley;138,9384998;31,61116417;TRUE;FALSE;Cloudy;139;2,368321659
Peaty;Rice;805,701203;29,20012383;TRUE;FALSE;Sunny;145;6,344585381
Peaty;Rice;634,1900146;38,45166407;FALSE;FALSE;Sunny;127;4,166930902
Silt;Wheat;167,4043561;28,10838919;FALSE;TRUE;Rainy;148;2,968063048
Chalky;Cotton;396,9834216;35,0006104;FALSE;TRUE;Sunny;132;4,237604656
Silt;Wheat;680,1422119;34,48425673;TRUE;FALSE;Rainy;109;5,984756044
Peaty;Barley;844,7742639;30,4937156;FALSE;TRUE;Rainy;142;5,681246362
Clay;Rice;801,9406398;28,7622216;FALSE;TRUE;Sunny;124;5,349548891
Loam;Maize;695,208413;23,73628527;TRUE;FALSE;Cloudy;139;5,901756682
Sandy;Cotton;802,6352974;35,4128459;TRUE;FALSE;Sunny;82;6,654949454
Peaty;Rice;378,5520396;38,14194758;TRUE;FALSE;Cloudy;64;4,663436154
Clay;Maize;318,0130098;37,38296491;FALSE;TRUE;Rainy;121;4,127029291
Loam;Cotton;652,3472833;39,1556963;FALSE;TRUE;Rainy;76;5,493174197
Clay;Barley;765,6877927;26,56508717;FALSE;FALSE;Sunny;98;4,762386743
Loam;Cotton;617,932319;15,90807448;FALSE;FALSE;Sunny;96;3,968481044
Sandy;Maize;224,0687116;38,18668321;FALSE;TRUE;Rainy;132;2,49077655
Silt;Rice;896,1353251;30,20211088;FALSE;TRUE;Sunny;131;6,345791482
Sandy;Wheat;435,2542293;25,49630625;FALSE;TRUE;Sunny;74;3,190074146
Sandy;Soybean;408,219312;21,85221469;FALSE;TRUE;Cloudy;133;4,881093692
Chalky;Wheat;960,7875535;15,48704498;FALSE;TRUE;Rainy;132;6,41193074
Loam;Rice;965,5279313;19,58387748;FALSE;TRUE;Rainy;92;5,818199697
Clay;Maize;348,1310175;37,17467501;TRUE;TRUE;Cloudy;148;5,020292175
Loam;Wheat;624,7140209;29,02005232;TRUE;TRUE;Cloudy;145;6,800510487
Sandy;Maize;191,1180835;19,54906185;TRUE;FALSE;Cloudy;75;2,13298555
Peaty;Cotton;262,9502473;36,93758409;FALSE;TRUE;Sunny;142;3,052371341
Peaty;Wheat;724,2630196;27,94708306;FALSE;TRUE;Cloudy;126;5,76206333
Chalky;Soybean;997,4083973;16,18883857;TRUE;FALSE;Sunny;139;7,541110605
Chalky;Maize;932,5674367;38,30178913;TRUE;FALSE;Rainy;61;5,977477297
Clay;Rice;504,3644611;28,89317987;FALSE;TRUE;Cloudy;118;5,074729825
Silt;Rice;124,4697966;20,63052475;FALSE;FALSE;Sunny;72;0,805512749
Clay;Maize;977,621748;23,76682167;TRUE;TRUE;Sunny;66;7,81158144
Peaty;Rice;588,3827165;26,17204271;FALSE;TRUE;Sunny;70;5,236127092
Sandy;Soybean;758,6771872;34,31660367;FALSE;FALSE;Rainy;138;4,19602278
Clay;Soybean;601,4213463;30,23439558;TRUE;TRUE;Sunny;80;6,383980843
Chalky;Maize;257,0681167;18,54140994;TRUE;FALSE;Rainy;103;3,319474067
Chalky;Wheat;153,6887358;25,96182924;TRUE;TRUE;Rainy;60;3,306620714
Clay;Cotton;620,6111221;29,6172742;TRUE;TRUE;Cloudy;108;6,480058976
Peaty;Soybean;928,1585501;35,36808678;FALSE;TRUE;Rainy;137;6,563130381
Loam;Wheat;405,7389043;17,46057977;TRUE;FALSE;Rainy;145;4,263799479
Peaty;Wheat;252,823624;17,146998;FALSE;FALSE;Sunny;76;0,616611523
Peaty;Cotton;325,2218346;24,87562646;TRUE;TRUE;Cloudy;111;5,420033156
Silt;Rice;623,7363082;23,31057588;FALSE;TRUE;Sunny;83;4,981891152
Sandy;Soybean;462,374318;25,77452626;FALSE;TRUE;Rainy;147;4,604917893
Silt;Maize;903,7819488;20,59656506;FALSE;FALSE;Cloudy;128;5,846681798
Clay;Barley;175,0386516;23,82745293;TRUE;TRUE;Sunny;89;3,134432137
Sandy;Soybean;469,6878461;24,2628872;FALSE;TRUE;Cloudy;146;5,095932565
Peaty;Barley;300,3141572;17,57781819;FALSE;TRUE;Sunny;125;1,755992515
Loam;Barley;254,9676836;27,06616028;TRUE;TRUE;Sunny;62;5,598945217
Sandy;Rice;352,9073702;19,17940396;TRUE;FALSE;Sunny;145;3,619624822
Silt;Wheat;154,8523687;36,82693036;FALSE;TRUE;Rainy;90;3,14551411
Chalky;Barley;806,5720295;20,81661268;FALSE;TRUE;Cloudy;96;5,653412008
Clay;Wheat;153,0168034;26,79696697;FALSE;FALSE;Rainy;69;1,224502431
Clay;Barley;309,267305;27,08393492;TRUE;TRUE;Cloudy;88;5,5784995
Sandy;Soybean;115,9697619;15,11048629;TRUE;FALSE;Cloudy;102;2,332762546
Loam;Wheat;569,9408717;27,55667834;FALSE;TRUE;Sunny;124;4,240602465
Sandy;Maize;874,9747777;33,22486926;TRUE;TRUE;Sunny;132;7,657631965
Loam;Wheat;768,7936109;30,91000164;FALSE;FALSE;Cloudy;89;4,562419624
Loam;Wheat;564,0187603;39,56973317;FALSE;FALSE;Cloudy;149;4,026689435
Sandy;Maize;432,4027528;26,29321813;TRUE;FALSE;Cloudy;78;3,631689271
Sandy;Maize;607,0083551;35,30531204;FALSE;FALSE;Rainy;73;3,626501342
Peaty;Rice;876,1770056;20,89020223;TRUE;FALSE;Sunny;148;5,934911999
Peaty;Soybean;759,4729271;25,20865069;FALSE;TRUE;Sunny;61;4,836727029
Silt;Maize;207,9256707;34,01824557;FALSE;TRUE;Cloudy;145;3,001758995
Loam;Rice;153,9277206;27,111641;TRUE;TRUE;Sunny;149;3,513220355
Chalky;Wheat;293,3722635;16,81147059;TRUE;FALSE;Sunny;123;3,482536596
Peaty;Maize;532,7259782;39,492362;FALSE;FALSE;Rainy;96;3,517322553
Chalky;Maize;457,9632768;26,39824881;TRUE;TRUE;Sunny;109;5,168214962
Clay;Cotton;544,4364898;31,79751229;FALSE;FALSE;Rainy;70;2,994190947
Chalky;Barley;604,5851306;36,91617628;TRUE;FALSE;Sunny;131;5,54609658
Clay;Wheat;133,1893411;27,79840098;TRUE;FALSE;Rainy;147;2,465217641
Peaty;Soybean;600,28357;39,67114581;FALSE;TRUE;Sunny;125;4,631429377
Clay;Soybean;408,6791918;31,61257335;FALSE;FALSE;Rainy;95;3,050042091
Loam;Wheat;769,7255412;24,89414114;TRUE;FALSE;Cloudy;111;6,1174877
Silt;Rice;992,5621553;36,14068672;FALSE;TRUE;Sunny;83;7,414459291
Sandy;Cotton;937,3220437;26,21135513;TRUE;TRUE;Cloudy;67;7,66237209
Chalky;Wheat;438,3809948;28,87887305;TRUE;TRUE;Sunny;114;5,303775382
Clay;Barley;613,5724767;17,79916462;FALSE;FALSE;Cloudy;90;3,684148245
Peaty;Barley;783,1492075;25,00899116;FALSE;FALSE;Cloudy;68;4,806494806
Loam;Rice;965,0346664;29,70896332;TRUE;FALSE;Cloudy;74;5,727636882
Silt;Rice;650,211304;21,36375184;TRUE;FALSE;Sunny;82;4,746040737
Chalky;Barley;266,0016257;15,38429894;FALSE;FALSE;Cloudy;106;2,37455308
Peaty;Maize;825,8191756;33,6649605;FALSE;TRUE;Cloudy;116;6,732700266
Sandy;Maize;858,4998401;23,35944287;FALSE;FALSE;Sunny;136;3,953928978
Loam;Soybean;269,2364778;26,23879876;TRUE;FALSE;Rainy;95;3,608762807
Chalky;Maize;861,7907437;19,94429823;TRUE;TRUE;Cloudy;134;7,696239337
Silt;Maize;590,005968;18,31698309;TRUE;TRUE;Sunny;74;5,471494658
Silt;Barley;947,867478;21,47318399;TRUE;TRUE;Cloudy;65;8,503708245
Silt;Soybean;633,4764319;32,35147777;TRUE;TRUE;Sunny;109;7,414892517
Silt;Maize;946,6788966;35,04469112;FALSE;TRUE;Sunny;74;7,306644784
Clay;Wheat;849,2031918;15,30713094;FALSE;FALSE;Rainy;96;4,593409046
Clay;Soybean;731,1846783;31,72812393;TRUE;FALSE;Cloudy;94;6,209837983
Chalky;Soybean;805,3101629;38,18831316;TRUE;TRUE;Cloudy;123;6,70886773
Chalky;Wheat;712,2092165;25,61938131;FALSE;FALSE;Cloudy;134;3,37181084
Silt;Barley;811,6552749;19,78123523;TRUE;FALSE;Cloudy;114;5,326367101
Sandy;Barley;838,8717355;21,33565957;TRUE;FALSE;Rainy;109;5,617218386
Peaty;Rice;158,6346299;36,61073214;TRUE;TRUE;Cloudy;99;4,935669713
Clay;Barley;135,0177594;24,28726989;FALSE;FALSE;Sunny;109;1,875927515
Sandy;Maize;321,3157766;33,78888399;FALSE;FALSE;Sunny;126;2,180200453
Chalky;Cotton;839,9070348;29,18128239;FALSE;FALSE;Cloudy;66;4,565680056
Peaty;Maize;563,8130192;33,53199116;TRUE;FALSE;Sunny;65;4,082637517
Loam;Soybean;444,4091392;26,67258731;TRUE;TRUE;Sunny;131;5,933361635
Silt;Barley;391,6132743;19,05013946;TRUE;TRUE;Rainy;88;5,745190905
Silt;Cotton;453,5661757;33,67200645;TRUE;TRUE;Cloudy;125;5,879831821
Chalky;Wheat;994,1766654;39,90684891;FALSE;FALSE;Sunny;96;6,261172496
Loam;Cotton;142,1800404;15,68390751;FALSE;FALSE;Cloudy;136;0,96214144
Loam;Cotton;327,9157865;23,47247;FALSE;FALSE;Sunny;138;2,529802608
Clay;Wheat;529,2489666;23,77628238;FALSE;TRUE;Rainy;146;3,82814631
Peaty;Barley;291,2199488;38,11796479;TRUE;TRUE;Cloudy;76;5,45032215
Silt;Soybean;851,2003411;29,53903432;FALSE;FALSE;Sunny;103;4,802372767
Chalky;Barley;502,7918059;29,52905452;TRUE;TRUE;Cloudy;146;5,376372194
Silt;Barley;351,595999;29,35629879;TRUE;FALSE;Cloudy;71;4,205169079
Sandy;Rice;863,7539839;22,0810869;TRUE;TRUE;Cloudy;63;8,153903514
Clay;Rice;165,9624509;18,93290305;TRUE;TRUE;Sunny;66;3,864733393
Peaty;Cotton;757,5746563;31,83286612;FALSE;TRUE;Rainy;75;5,862490243
Loam;Cotton;275,0273811;38,8671577;TRUE;FALSE;Rainy;103;3,486220783
Chalky;Cotton;194,2144101;36,77543892;FALSE;TRUE;Cloudy;147;2,779076645
Chalky;Wheat;540,5550044;22,87657201;TRUE;FALSE;Cloudy;146;4,503199972
Peaty;Cotton;774,2851873;17,42170041;FALSE;FALSE;Sunny;136;4,172643892
Loam;Wheat;481,4800194;19,74381695;TRUE;FALSE;Rainy;103;4,003218037
Loam;Wheat;885,4575689;34,17791722;TRUE;FALSE;Cloudy;131;7,234193608
Loam;Barley;419,0895784;25,37666417;TRUE;FALSE;Rainy;87;4,359173152
Peaty;Soybean;745,154172;28,86812372;TRUE;TRUE;Sunny;110;7,475424661
Chalky;Maize;613,9858959;33,1895547;FALSE;TRUE;Sunny;107;5,316916368
Loam;Soybean;425,5755659;16,6654316;FALSE;TRUE;Sunny;69;3,591913278
Sandy;Soybean;867,6209554;15,94968256;TRUE;FALSE;Cloudy;119;5,612783641
Clay;Barley;699,2670891;29,68763074;FALSE;TRUE;Cloudy;107;4,971329826
Silt;Barley;906,3365437;33,20784126;TRUE;FALSE;Cloudy;108;6,845069978
Peaty;Wheat;352,1426627;36,30635186;TRUE;FALSE;Sunny;61;4,047509749
Sandy;Cotton;230,3248595;38,42474953;TRUE;TRUE;Rainy;76;4,233171914
Chalky;Cotton;860,828087;29,34551923;FALSE;FALSE;Rainy;138;5,27392663
Peaty;Soybean;367,6189356;19,44790774;TRUE;TRUE;Rainy;84;5,123790793
Chalky;Soybean;696,3488051;19,20383782;FALSE;TRUE;Sunny;146;4,703738326
Chalky;Wheat;575,2878552;23,23553936;TRUE;FALSE;Cloudy;67;5,058686789
Chalky;Maize;897,1034542;27,77201805;FALSE;FALSE;Sunny;84;5,094292734
Clay;Soybean;272,0505746;35,03691355;TRUE;TRUE;Rainy;118;4,641245126
Loam;Maize;422,594227;27,79641795;TRUE;FALSE;Rainy;83;4,107177644
Peaty;Barley;770,1576218;27,71433069;FALSE;TRUE;Rainy;99;5,250441163
Silt;Barley;843,5080749;34,08150915;FALSE;FALSE;Sunny;138;4,45344342
Peaty;Maize;445,0093807;39,67694038;FALSE;FALSE;Cloudy;105;2,778746191
Peaty;Rice;396,6124076;25,55290755;FALSE;FALSE;Cloudy;127;2,248345812
Peaty;Wheat;419,6524662;19,11218674;TRUE;TRUE;Sunny;69;5,387089196
Peaty;Wheat;280,8603734;25,77595228;FALSE;FALSE;Sunny;65;2,058094572
Silt;Barley;201,7660396;34,91045218;FALSE;TRUE;Cloudy;99;3,078361629
Loam;Rice;693,8977748;28,13080174;TRUE;TRUE;Cloudy;146;6,863986846
Sandy;Barley;487,4796251;29,45833037;TRUE;FALSE;Sunny;144;3,034154764
Chalky;Cotton;908,6074198;34,09469701;FALSE;FALSE;Sunny;78;4,636439152
Clay;Wheat;107,5587022;27,42997034;FALSE;FALSE;Sunny;138;1,151053058
Loam;Barley;200,6454017;24,99752958;TRUE;FALSE;Sunny;116;3,054292762
Silt;Maize;610,2624745;37,31458936;TRUE;TRUE;Sunny;95;6,737278095
Loam;Barley;419,3219468;20,46718284;TRUE;FALSE;Sunny;97;3,603087146
Silt;Maize;900,3110977;33,87532257;TRUE;TRUE;Sunny;86;8,114759984
Clay;Soybean;900,7338409;32,53272624;FALSE;TRUE;Rainy;111;6,425243097
Silt;Maize;467,5449619;19,32941184;FALSE;TRUE;Sunny;113;3,390424351
Loam;Soybean;876,7465424;16,6765997;TRUE;FALSE;Rainy;147;6,042947463
Sandy;Maize;716,3336741;21,96898375;TRUE;TRUE;Cloudy;100;6,785676344
Loam;Cotton;472,2079711;35,49372702;TRUE;FALSE;Cloudy;86;3,462109463
Clay;Barley;459,3699017;18,61276117;FALSE;FALSE;Cloudy;143;2,549248136
Chalky;Maize;417,7844833;36,9623925;TRUE;FALSE;Rainy;137;4,506707799
Silt;Cotton;328,6553856;37,70816483;TRUE;FALSE;Cloudy;71;2,995576526
Silt;Rice;613,3057934;28,60557775;TRUE;FALSE;Sunny;105;4,674308895
Peaty;Cotton;600,5133541;34,06403927;TRUE;TRUE;Cloudy;61;5,833724043
Loam;Maize;734,9436401;17,78008484;TRUE;FALSE;Sunny;132;4,823147342
Peaty;Rice;469,2216028;17,82877749;TRUE;TRUE;Cloudy;99;4,453816572
Peaty;Maize;866,193901;37,32512898;TRUE;FALSE;Cloudy;111;5,782292119
Loam;Cotton;655,1526983;28,95549393;FALSE;FALSE;Cloudy;114;4,065556123
Chalky;Soybean;835,0323108;32,78484152;FALSE;FALSE;Rainy;117;5,000829499
Loam;Rice;524,9867222;22,25950041;TRUE;TRUE;Sunny;107;5,160104636
Peaty;Rice;168,4832997;17,98558075;TRUE;FALSE;Rainy;60;2,55959623
Chalky;Cotton;955,236483;28,20614749;TRUE;FALSE;Sunny;80;6,363851005
Silt;Wheat;754,791294;29,46051237;FALSE;FALSE;Rainy;98;3,932438351
Sandy;Rice;331,9366966;28,89085767;FALSE;TRUE;Cloudy;71;3,827378716
Loam;Wheat;957,3445032;19,52483091;TRUE;TRUE;Rainy;63;7,980998252
Loam;Cotton;583,1918987;25,10666316;FALSE;TRUE;Rainy;113;4,499057565
Sandy;Wheat;258,9458802;31,20086052;FALSE;FALSE;Sunny;67;1,758334875
Loam;Soybean;441,4867639;18,15251881;TRUE;FALSE;Rainy;76;3,754276438
Silt;Barley;635,632549;28,41228085;FALSE;FALSE;Cloudy;90;4,642737932
Sandy;Barley;686,281663;31,93846342;FALSE;TRUE;Cloudy;83;4,734659683
Peaty;Maize;365,1492454;32,25378182;TRUE;TRUE;Cloudy;127;4,138587417
Sandy;Rice;638,5281345;38,92871641;FALSE;TRUE;Cloudy;87;4,605927268
Peaty;Soybean;166,9016788;23,06572406;FALSE;FALSE;Sunny;77;1,323224297
Silt;Maize;482,8455055;22,00179352;FALSE;FALSE;Sunny;93;2,768247046
Clay;Wheat;531,2565045;32,61803657;FALSE;FALSE;Cloudy;134;2,847506314
Peaty;Cotton;398,8005212;37,33910578;FALSE;FALSE;Rainy;131;2,383556459
Sandy;Rice;550,0733489;15,54339861;TRUE;FALSE;Rainy;95;4,268646789
Loam;Rice;714,3206179;19,33008064;FALSE;TRUE;Sunny;87;6,310833681
Loam;Rice;228,620149;36,03057452;TRUE;TRUE;Sunny;124;4,250598833
Peaty;Soybean;811,157804;19,94653469;TRUE;TRUE;Cloudy;116;7,138815425
Peaty;Maize;546,4365753;37,53667878;TRUE;TRUE;Rainy;74;6,716028784
Sandy;Maize;629,9654839;17,91267569;TRUE;FALSE;Sunny;140;5,343244277
Silt;Soybean;415,9623753;23,79621885;FALSE;TRUE;Sunny;89;4,084015431
Clay;Soybean;827,977618;23,75879959;TRUE;FALSE;Rainy;105;6,233795656
Loam;Barley;104,2084861;15,06643444;TRUE;TRUE;Cloudy;77;3,695861827
Chalky;Soybean;106,9572451;28,58141325;FALSE;TRUE;Cloudy;79;1,756855535
Loam;Cotton;928,7468117;17,54081344;FALSE;TRUE;Sunny;140;6,558437415
Silt;Soybean;710,3668631;20,28706451;FALSE;TRUE;Sunny;149;5,784365388
Loam;Wheat;857,8176182;34,83133561;FALSE;TRUE;Sunny;132;6,505786413
Sandy;Rice;869,6880075;37,80320813;TRUE;FALSE;Cloudy;65;6,755905914
Clay;Wheat;137,2497753;39,11489293;TRUE;TRUE;Rainy;68;4,782388619
Chalky;Cotton;909,4623265;31,40936791;TRUE;TRUE;Cloudy;108;7,781977055
Clay;Rice;108,2408595;39,9887035;FALSE;FALSE;Rainy;141;1,978782144
Chalky;Rice;489,6776756;28,4948637;FALSE;FALSE;Cloudy;95;2,905430442
Chalky;Maize;348,3353963;37,74767735;FALSE;TRUE;Rainy;107;4,078291721
Silt;Maize;357,4849435;18,72323916;TRUE;FALSE;Cloudy;138;4,332045225
Silt;Rice;628,8669794;34,66890885;TRUE;TRUE;Sunny;75;6,506470857
Loam;Wheat;382,6307213;27,86168413;TRUE;FALSE;Cloudy;90;4,296049273
Silt;Wheat;236,9853893;30,05747961;TRUE;TRUE;Cloudy;145;4,803667493
Loam;Rice;908,62472;29,72093553;FALSE;TRUE;Cloudy;86;6,012473448
Chalky;Maize;783,0419237;36,90043456;FALSE;TRUE;Rainy;92;6,8114052
Chalky;Soybean;336,0924372;24,18765021;FALSE;FALSE;Cloudy;117;2,345567189
Clay;Barley;598,341201;30,58842992;TRUE;TRUE;Cloudy;117;6,432433543
Silt;Cotton;706,8403557;28,81342005;FALSE;TRUE;Sunny;74;6,342770793
Silt;Barley;979,4557989;16,63853378;FALSE;FALSE;Cloudy;149;4,990472749
Silt;Maize;356,9107804;37,70027735;FALSE;TRUE;Sunny;93;4,374589648
Silt;Soybean;893,2481292;15,32394726;FALSE;FALSE;Rainy;101;4,185116692
Silt;Wheat;637,9550415;36,53323433;TRUE;TRUE;Cloudy;139;6,979539078
Sandy;Cotton;250,5574624;29,90508094;TRUE;TRUE;Sunny;135;3,800336943
Loam;Rice;513,4312494;27,56435649;TRUE;FALSE;Rainy;98;4,764588982
Loam;Soybean;287,5030289;16,31297386;FALSE;TRUE;Rainy;65;2,850462288
Chalky;Wheat;114,5651314;20,79183445;TRUE;TRUE;Rainy;68;4,110830738
Clay;Cotton;723,5175938;15,15776658;TRUE;FALSE;Rainy;149;6,074067352
Peaty;Rice;946,3750168;21,3120333;TRUE;FALSE;Cloudy;131;5,543451811
Sandy;Rice;196,6101639;36,49820155;FALSE;FALSE;Cloudy;77;1,243007296
Peaty;Maize;304,9163723;38,50531242;TRUE;FALSE;Cloudy;126;3,979901226
Loam;Rice;649,3404973;38,69387525;FALSE;TRUE;Cloudy;73;5,726989626
Chalky;Maize;646,9853458;31,22130349;FALSE;FALSE;Cloudy;61;3,674929101
Clay;Wheat;358,6172216;18,79298916;TRUE;FALSE;Rainy;76;3,498599968
Sandy;Soybean;940,5086294;21,9264538;FALSE;TRUE;Cloudy;80;6,356939522
Chalky;Wheat;785,4581326;33,83380795;FALSE;TRUE;Rainy;109;6,447866685
Sandy;Barley;904,5084595;39,24377966;TRUE;TRUE;Sunny;64;8,209796225
Loam;Rice;343,0011006;16,30234893;FALSE;TRUE;Sunny;95;2,555980441
Silt;Cotton;146,7847145;32,93950416;TRUE;FALSE;Cloudy;146;2,695418903
Peaty;Wheat;170,1931304;17,87030687;FALSE;TRUE;Cloudy;146;2,727696635
Loam;Rice;667,7416142;25,86223198;TRUE;FALSE;Rainy;103;5,103637171
Silt;Barley;258,3465148;33,09557269;FALSE;FALSE;Sunny;123;2,668127661
Loam;Maize;492,6380553;35,77617859;TRUE;TRUE;Sunny;105;5,767022595
Sandy;Rice;130,5032577;26,57114581;FALSE;FALSE;Rainy;109;1,544694344
Loam;Rice;798,5162746;31,74023326;TRUE;FALSE;Rainy;138;6,714573745
Clay;Soybean;783,9345941;27,50869611;FALSE;TRUE;Cloudy;130;5,395438777
Sandy;Cotton;609,9458088;17,76890369;FALSE;FALSE;Sunny;67;3,975883656
Peaty;Maize;356,8611001;24,01235722;TRUE;TRUE;Cloudy;86;4,678449651
Loam;Barley;466,0562759;29,55821562;TRUE;FALSE;Sunny;139;4,482054548
Silt;Rice;917,5202949;28,3943588;FALSE;TRUE;Cloudy;63;6,532143945
Silt;Rice;503,8708158;23,42728256;FALSE;FALSE;Sunny;62;3,196079721
Peaty;Rice;549,6942454;18,24958473;TRUE;TRUE;Sunny;107;6,067369503
Silt;Soybean;525,5906601;31,76194819;FALSE;TRUE;Cloudy;105;4,410918709
Sandy;Soybean;404,1745389;32,22615812;FALSE;TRUE;Sunny;100;3,595227818
Clay;Soybean;370,3459059;16,79835798;TRUE;FALSE;Cloudy;117;3,302049515
Peaty;Maize;930,8668269;38,06038185;TRUE;TRUE;Rainy;61;7,432946374
Sandy;Soybean;683,6850774;15,54731064;FALSE;FALSE;Cloudy;143;4,114077836
Loam;Soybean;574,3334366;18,66839177;TRUE;FALSE;Sunny;140;3,683715729
Silt;Wheat;778,2895563;26,29805674;TRUE;TRUE;Cloudy;131;8,86962346
Loam;Cotton;259,3935637;27,61689164;TRUE;FALSE;Sunny;91;2,860960833
Sandy;Cotton;504,6403235;24,54514909;FALSE;FALSE;Rainy;86;3,51459729
Sandy;Rice;168,0922057;16,4014742;FALSE;TRUE;Sunny;110;2,071648211
Clay;Cotton;464,1566981;35,3078824;FALSE;TRUE;Cloudy;127;4,831938083
Sandy;Maize;516,9707883;17,45003805;FALSE;TRUE;Sunny;120;4,487272241
Clay;Maize;373,3761151;28,10823909;TRUE;TRUE;Cloudy;62;5,122501623
Chalky;Rice;550,8610321;22,40777899;TRUE;FALSE;Sunny;65;4,76368663
Loam;Cotton;988,2435823;19,40767355;FALSE;TRUE;Cloudy;80;6,3191869
Loam;Maize;638,7242531;19,3838728;TRUE;TRUE;Cloudy;87;6,153750811
Chalky;Soybean;827,357846;38,70028613;TRUE;TRUE;Cloudy;140;7,409493345
Clay;Cotton;183,0344065;27,34615077;TRUE;FALSE;Cloudy;143;2,832201669
Silt;Wheat;203,1786774;19,87723833;TRUE;TRUE;Sunny;93;3,777849881
Clay;Cotton;152,293987;25,84847436;FALSE;FALSE;Rainy;124;1,352126539
Silt;Soybean;460,3599281;23,65671146;TRUE;TRUE;Rainy;146;6,196712997
Chalky;Wheat;898,5924703;33,10721992;FALSE;FALSE;Sunny;97;4,81004865
Silt;Cotton;240,7843408;21,95247271;FALSE;FALSE;Cloudy;66;0,927276101
Peaty;Wheat;683,399499;36,58698785;TRUE;TRUE;Cloudy;76;7,832750081
Peaty;Cotton;395,5815539;16,05099783;TRUE;TRUE;Sunny;142;4,843482994
Chalky;Rice;675,3471255;30,28394801;FALSE;FALSE;Sunny;96;3,797643573
Silt;Barley;375,4737518;36,6797209;FALSE;TRUE;Sunny;101;4,075345751
Sandy;Cotton;267,823363;20,09649066;FALSE;TRUE;Rainy;61;3,408026144
Loam;Cotton;911,0343993;37,6281716;FALSE;TRUE;Cloudy;96;6,991782851
Loam;Rice;787,1044127;28,45956044;TRUE;TRUE;Sunny;85;7,072559805
Chalky;Rice;256,5604407;36,83232524;TRUE;TRUE;Sunny;71;4,711290447
Peaty;Rice;564,9727199;31,28078016;TRUE;TRUE;Cloudy;132;6,923433857
Silt;Rice;885,413279;23,35028993;FALSE;TRUE;Rainy;85;6,725444586
Loam;Wheat;610,9806871;15,44926758;TRUE;TRUE;Cloudy;101;5,638344907
Silt;Barley;831,9498086;30,09307075;TRUE;FALSE;Rainy;92;5,656059586
Loam;Cotton;569,893336;23,46081056;FALSE;TRUE;Sunny;125;3,581165849
Silt;Maize;941,5682295;33,35780392;FALSE;TRUE;Sunny;125;6,601630458
Silt;Maize;655,7366893;19,42332379;FALSE;FALSE;Sunny;80;3,726503751
Chalky;Rice;198,7530265;24,28053974;FALSE;TRUE;Cloudy;137;2,958318999
Clay;Soybean;110,1784254;28,07438376;FALSE;TRUE;Rainy;141;2,35057659
Chalky;Barley;916,4109697;24,88176154;TRUE;FALSE;Cloudy;146;6,50674972
Clay;Wheat;193,7922908;38,88483152;FALSE;TRUE;Cloudy;78;3,358886375
Loam;Cotton;308,7037593;16,14708905;FALSE;FALSE;Sunny;78;2,26239336
Chalky;Maize;429,2543323;27,27433349;FALSE;FALSE;Rainy;85;2,978861105
Sandy;Maize;597,2721477;33,54188299;FALSE;FALSE;Rainy;73;3,836426804
Clay;Soybean;154,2860761;31,60905482;FALSE;FALSE;Cloudy;77;0,97939106
Chalky;Cotton;720,1120011;36,34658459;TRUE;TRUE;Sunny;134;7,535832142
Loam;Soybean;509,3826054;17,25517538;TRUE;FALSE;Rainy;131;5,253103682
Silt;Rice;302,5901802;27,78946494;TRUE;TRUE;Sunny;116;4,469444145
Sandy;Barley;167,8720421;34,21157893;FALSE;FALSE;Sunny;66;1,612673895
Silt;Cotton;696,0989407;35,87493816;FALSE;FALSE;Cloudy;92;5,089442719
Peaty;Barley;710,5925118;36,07728163;TRUE;TRUE;Sunny;97;6,264505897
Clay;Rice;252,0198735;18,01243883;FALSE;TRUE;Cloudy;86;2,628768667
Clay;Soybean;303,6896679;31,36499083;FALSE;FALSE;Rainy;74;2,15487669
Chalky;Soybean;107,1591636;30,99115089;FALSE;FALSE;Cloudy;103;1,168124006
Loam;Maize;162,8146603;18,09748429;TRUE;FALSE;Sunny;143;3,061469751
Sandy;Rice;196,9464637;24,44829135;FALSE;FALSE;Cloudy;110;1,657252664
Chalky;Cotton;632,4259511;18,52323467;TRUE;FALSE;Sunny;146;5,160144177
Loam;Barley;553,3970412;23,78988736;FALSE;FALSE;Sunny;79;3,163532054
Silt;Rice;681,7595919;15,2086061;TRUE;TRUE;Cloudy;82;6,386838044
Chalky;Barley;162,3086749;37,8135779;FALSE;TRUE;Sunny;124;2,927988324
Clay;Rice;623,4704496;36,73848224;TRUE;TRUE;Sunny;134;6,519633184
Sandy;Barley;317,2054032;24,74934773;TRUE;TRUE;Sunny;75;3,724724978
Chalky;Barley;796,0816521;25,09518918;TRUE;TRUE;Rainy;85;7,678912601
Clay;Rice;952,4925355;23,08741195;TRUE;FALSE;Rainy;122;6,515660318
Loam;Rice;521,1872077;32,95499185;FALSE;TRUE;Rainy;135;4,239357987
Peaty;Rice;877,4012461;28,03687443;FALSE;FALSE;Cloudy;99;4,613911943
Silt;Soybean;199,3819369;24,4053997;FALSE;FALSE;Rainy;77;2,094286585
Peaty;Soybean;276,8272071;17,9112429;TRUE;TRUE;Sunny;141;3,905884425
Silt;Barley;937,2900424;30,51805211;FALSE;TRUE;Sunny;134;6,213989656
Sandy;Wheat;516,6737564;22,21935548;FALSE;TRUE;Cloudy;113;3,93905989
Sandy;Rice;981,1911108;18,41855794;FALSE;TRUE;Rainy;92;6,341858611
Sandy;Cotton;486,1247495;15,5074892;TRUE;TRUE;Cloudy;91;6,207070286
Sandy;Wheat;458,9578967;33,85071388;FALSE;TRUE;Cloudy;143;4,014600529
Sandy;Barley;330,7949924;38,51166105;FALSE;TRUE;Sunny;135;3,286946161
Clay;Soybean;451,1234884;30,49661785;FALSE;TRUE;Sunny;102;4,594293721
Chalky;Cotton;496,9463417;25,56886503;FALSE;TRUE;Rainy;76;4,274884835
Silt;Rice;629,7710095;32,98805708;TRUE;TRUE;Sunny;146;6,786116466
Clay;Soybean;689,5190686;30,79909919;TRUE;FALSE;Sunny;118;5,616851344
Chalky;Cotton;368,3224602;37,77381373;FALSE;FALSE;Rainy;62;3,2839212
Clay;Wheat;648,6967692;29,54703876;TRUE;FALSE;Cloudy;61;6,130752067
Chalky;Wheat;159,5660203;24,97212378;TRUE;FALSE;Sunny;133;2,973079304
Clay;Barley;421,3925816;26,90353635;FALSE;FALSE;Sunny;81;2,789131242
Silt;Soybean;393,2817478;36,30417342;TRUE;FALSE;Rainy;116;4,043225677
Clay;Cotton;383,2988443;29,37767833;FALSE;FALSE;Cloudy;71;1,544252163
Clay;Soybean;226,8752639;34,66627907;TRUE;FALSE;Cloudy;72;3,849028023
Chalky;Barley;364,4892537;31,7588698;FALSE;TRUE;Rainy;131;3,874756257
Clay;Cotton;458,5995005;33,48144273;FALSE;TRUE;Rainy;61;4,460094241
Silt;Barley;551,5683722;22,65677759;TRUE;FALSE;Cloudy;113;5,278325942
Chalky;Soybean;185,5314631;32,14388839;FALSE;TRUE;Sunny;140;3,083340782
Peaty;Soybean;849,4992051;32,08102535;TRUE;TRUE;Rainy;124;7,578161962
Silt;Soybean;671,7994393;34,64317897;FALSE;FALSE;Rainy;126;3,739257744
Chalky;Maize;503,2223476;37,97029655;FALSE;FALSE;Sunny;67;2,815162237
Loam;Soybean;882,2137787;29,65297521;FALSE;TRUE;Sunny;117;5,705669173
Sandy;Rice;376,7664661;15,70976421;TRUE;TRUE;Sunny;77;5,150459039
Peaty;Maize;437,5996379;33,72773003;TRUE;TRUE;Sunny;109;5,652441086
Clay;Rice;235,6183833;25,04092078;TRUE;TRUE;Rainy;136;4,733027563
Peaty;Cotton;778,3133471;20,63580472;TRUE;TRUE;Cloudy;86;7,117036256
Silt;Barley;895,1636703;22,2662422;FALSE;FALSE;Cloudy;103;5,485161152
Silt;Wheat;316,3031395;30,21531453;TRUE;FALSE;Cloudy;88;3,3249334
Chalky;Soybean;943,3883133;35,56962782;FALSE;FALSE;Rainy;140;5,838040337
Chalky;Rice;403,5427828;27,28258926;FALSE;FALSE;Rainy;131;2,174064712
Loam;Soybean;244,2671528;38,7159219;FALSE;TRUE;Rainy;123;3,907270786
Silt;Maize;757,5859821;34,10702587;TRUE;TRUE;Cloudy;147;7,140072116
Chalky;Rice;926,679087;29,08933991;FALSE;FALSE;Cloudy;130;4,822715326
Loam;Cotton;277,1723848;15,0343662;FALSE;TRUE;Rainy;69;3,547083242
Silt;Cotton;255,8136478;35,07654505;TRUE;FALSE;Rainy;139;3,814216154
Clay;Cotton;483,1190383;21,88978592;TRUE;TRUE;Sunny;114;6,017049994
Sandy;Cotton;970,6082169;26,81797538;FALSE;TRUE;Rainy;123;6,24129105
Sandy;Wheat;643,7405072;27,66318656;TRUE;TRUE;Rainy;99;6,554635348
Peaty;Wheat;225,3585555;19,56228334;TRUE;TRUE;Sunny;88;4,024300677
Silt;Barley;748,7781125;15,29042752;FALSE;TRUE;Rainy;115;4,843442704
Peaty;Wheat;823,5782924;30,58358667;FALSE;TRUE;Cloudy;136;5,660103504
Sandy;Cotton;382,353526;31,15306703;FALSE;TRUE;Sunny;72;3,553741145
Chalky;Cotton;855,5185793;30,42676376;TRUE;FALSE;Sunny;86;7,036937657
Silt;Wheat;573,6861089;19,72308776;FALSE;TRUE;Rainy;141;5,33440463
Silt;Barley;169,2560511;36,42721823;FALSE;FALSE;Cloudy;100;1,379792455
Clay;Soybean;434,6546554;35,18784745;FALSE;FALSE;Rainy;134;3,062374167
Clay;Soybean;313,7973071;34,33616291;TRUE;FALSE;Sunny;101;4,486535336
Silt;Wheat;395,4968798;35,84480266;FALSE;TRUE;Sunny;143;3,987359507
Peaty;Cotton;205,7487368;29,76658872;TRUE;TRUE;Cloudy;66;4,315417951
Loam;Wheat;339,8228329;35,77910354;TRUE;TRUE;Rainy;75;4,804230131
Loam;Barley;131,6302514;17,80421898;FALSE;FALSE;Rainy;104;0,21440692
Peaty;Maize;873,6016809;28,81525779;FALSE;TRUE;Sunny;93;6,770565206
Peaty;Wheat;657,4681461;15,81943019;TRUE;TRUE;Sunny;101;7,059369448
Peaty;Barley;729,3809653;19,65098476;FALSE;TRUE;Cloudy;79;5,078120545
Loam;Cotton;505,8974021;33,18794477;TRUE;FALSE;Sunny;68;3,960824166
Clay;Wheat;337,8052836;37,10602535;TRUE;TRUE;Sunny;90;5,100335692
Sandy;Rice;173,7761306;31,53011218;FALSE;FALSE;Rainy;86;1,20678006
Sandy;Maize;711,0978531;37,61244642;TRUE;FALSE;Rainy;106;4,756412773
Peaty;Soybean;161,1124029;38,38398939;FALSE;FALSE;Rainy;143;1,308569032
Silt;Soybean;275,1986704;15,66036134;TRUE;FALSE;Cloudy;82;3,231852368
Clay;Wheat;115,9868089;32,81937378;TRUE;TRUE;Rainy;140;4,15764982
Peaty;Wheat;121,1659018;30,22056595;FALSE;TRUE;Cloudy;104;2,363279006
Silt;Maize;850,7830265;21,33183509;TRUE;FALSE;Sunny;71;5,41712593
Clay;Wheat;247,9904743;35,38520625;FALSE;TRUE;Rainy;137;3,231449554
Clay;Rice;692,6830182;30,4295928;TRUE;FALSE;Sunny;123;5,565402897
Chalky;Maize;348,7276923;22,55525505;TRUE;FALSE;Rainy;112;3,493656518
Sandy;Soybean;735,9318946;31,86768975;FALSE;FALSE;Sunny;141;3,654695021
Sandy;Barley;526,4331074;33,82955637;FALSE;TRUE;Cloudy;102;3,702375858
Loam;Cotton;747,68276;33,38941591;TRUE;TRUE;Cloudy;100;7,325787087
Clay;Wheat;420,3750824;35,3325148;TRUE;TRUE;Cloudy;146;5,987424588
Silt;Barley;120,9181093;15,57511325;TRUE;FALSE;Cloudy;106;2,89788436
Peaty;Barley;168,1154628;19,2192871;FALSE;TRUE;Rainy;75;2,704422373
Clay;Rice;820,910217;30,75516591;TRUE;FALSE;Cloudy;112;6,126905102
Sandy;Barley;901,8445785;26,03694484;FALSE;FALSE;Cloudy;78;5,063934689
Clay;Cotton;848,894533;39,67423293;TRUE;FALSE;Sunny;131;5,996683152
Peaty;Cotton;148,1666972;23,14116851;FALSE;TRUE;Cloudy;112;2,254391458
Clay;Rice;666,1876958;27,92667024;TRUE;FALSE;Sunny;102;5,511592938
Sandy;Maize;689,0857051;30,74555254;TRUE;TRUE;Rainy;65;6,733771119
Loam;Wheat;629,0882048;36,3532543;FALSE;TRUE;Sunny;126;4,950589092
Peaty;Rice;146,0455763;23,93576446;TRUE;TRUE;Sunny;111;4,995092216
Sandy;Wheat;965,9336565;26,10869201;FALSE;TRUE;Cloudy;116;7,064185076
Clay;Barley;178,1712791;23,67093029;FALSE;FALSE;Cloudy;111;0,961113035
Clay;Cotton;665,708971;34,25403379;FALSE;TRUE;Cloudy;88;6,507786041
Clay;Maize;741,0416657;31,00689614;FALSE;FALSE;Sunny;131;5,74636901
Chalky;Rice;300,7984079;29,14351667;TRUE;TRUE;Rainy;60;4,287590248
Loam;Cotton;440,6728805;35,71588892;FALSE;TRUE;Rainy;98;3,761176846
Peaty;Cotton;142,1604359;21,20476812;TRUE;FALSE;Cloudy;132;2,789033168
Clay;Barley;233,2879846;32,41502969;FALSE;FALSE;Rainy;149;1,461034917
Sandy;Cotton;827,8830576;17,79061668;FALSE;TRUE;Cloudy;139;5,372642306
Chalky;Soybean;703,8420794;27,96986135;TRUE;TRUE;Cloudy;97;8,200099228
Clay;Maize;932,5443946;17,56219142;FALSE;TRUE;Sunny;101;6,237842661
Loam;Rice;801,640346;18,99065226;FALSE;TRUE;Sunny;147;6,304859889
Loam;Rice;129,1938117;27,12981961;FALSE;FALSE;Sunny;123;1,065855423
Loam;Wheat;905,203025;32,8210149;TRUE;FALSE;Rainy;105;7,067913262
Peaty;Barley;234,6561678;29,74045807;FALSE;TRUE;Rainy;139;2,667486917
Loam;Wheat;743,5126756;28,81321662;FALSE;FALSE;Sunny;105;4,046361943
Clay;Rice;366,9554212;36,69713247;FALSE;TRUE;Rainy;73;3,197286946
Chalky;Rice;309,4499165;26,12467323;TRUE;TRUE;Sunny;110;5,709601222
Sandy;Wheat;599,9133448;20,16388874;FALSE;TRUE;Cloudy;98;4,53439812
Chalky;Cotton;999,1879097;19,24034393;FALSE;FALSE;Rainy;78;5,076787908
Peaty;Cotton;357,5281865;30,90577867;TRUE;TRUE;Sunny;131;5,415842687
Loam;Cotton;259,2963568;23,31401673;FALSE;FALSE;Sunny;118;0,849949915
Sandy;Barley;592,2111296;35,40688202;TRUE;FALSE;Cloudy;72;4,74439293
Loam;Cotton;528,5809455;37,64597737;FALSE;FALSE;Rainy;78;3,997215347
Silt;Rice;316,2535401;37,19239949;TRUE;FALSE;Rainy;90;4,307427977
Sandy;Cotton;834,4855685;24,40228773;FALSE;TRUE;Cloudy;96;5,140371731
Loam;Maize;592,0835204;26,19401581;TRUE;TRUE;Rainy;142;6,026426835
Chalky;Barley;630,5132559;25,51927591;TRUE;TRUE;Sunny;144;5,916921897
Clay;Maize;572,6858932;36,77048451;TRUE;TRUE;Cloudy;136;6,404177723
Clay;Rice;844,8299918;36,34372108;FALSE;FALSE;Sunny;109;5,259565746
Loam;Wheat;888,7950762;25,22822705;TRUE;FALSE;Rainy;61;7,386733506
Sandy;Soybean;525,787625;33,63002819;TRUE;TRUE;Rainy;93;6,112881368
Sandy;Cotton;549,0058743;27,72186863;TRUE;TRUE;Sunny;96;4,771596324
Clay;Maize;739,457863;16,52505494;TRUE;FALSE;Cloudy;124;5,999159347
Sandy;Cotton;648,7244111;28,50166989;FALSE;FALSE;Rainy;135;3,978395788
Peaty;Maize;508,9661623;35,36575549;TRUE;TRUE;Rainy;77;6,525131978
Chalky;Soybean;150,0095855;34,75889741;TRUE;FALSE;Cloudy;123;2,94808139
Loam;Maize;109,8972289;20,43576687;FALSE;FALSE;Rainy;119;1,355607971
Silt;Barley;773,3103298;25,74860472;TRUE;TRUE;Cloudy;108;8,008172015
Loam;Maize;142,4325171;27,44249731;TRUE;TRUE;Sunny;82;4,608124791
Peaty;Cotton;204,3674619;17,66146241;FALSE;FALSE;Rainy;114;1,803978484
Sandy;Wheat;549,2221878;17,90872013;FALSE;FALSE;Cloudy;75;3,185209293
Clay;Wheat;877,4693754;39,6861047;TRUE;FALSE;Rainy;137;5,940015235
Peaty;Barley;903,6754912;36,23042191;FALSE;FALSE;Rainy;106;5,320710869
Silt;Barley;433,1787952;34,75176131;FALSE;TRUE;Cloudy;127;3,509751838
Chalky;Barley;193,5378428;15,48363246;TRUE;FALSE;Rainy;98;2,367770428
Silt;Barley;937,4808155;39,93520425;FALSE;FALSE;Cloudy;145;6,168654478
Loam;Soybean;838,1163753;22,70176366;TRUE;TRUE;Cloudy;121;7,749779603
Silt;Wheat;343,7993468;37,73192182;FALSE;FALSE;Cloudy;137;1,50205351
Sandy;Cotton;199,9681292;25,7288115;FALSE;TRUE;Sunny;60;3,050631265
Sandy;Rice;859,0496651;29,90265826;TRUE;FALSE;Rainy;104;6,395457381
Clay;Cotton;993,2710071;22,25703951;FALSE;FALSE;Rainy;91;5,262737827
Clay;Barley;741,8325984;26,41700147;FALSE;FALSE;Cloudy;84;4,216129536
Sandy;Maize;655,7206152;23,60937097;FALSE;TRUE;Sunny;135;4,149479366
Sandy;Maize;159,2630045;23,72554539;TRUE;FALSE;Sunny;148;1,947813375
Silt;Wheat;888,6684357;24,41144592;TRUE;TRUE;Sunny;66;7,833051935
Clay;Wheat;878,9646246;30,7710597;FALSE;TRUE;Sunny;148;6,97427179
Silt;Barley;986,5418792;24,68156386;TRUE;FALSE;Sunny;77;6,849865261
Peaty;Maize;300,0424375;39,77393361;FALSE;FALSE;Rainy;108;3,120682492
Sandy;Soybean;273,5779162;32,09481672;FALSE;TRUE;Cloudy;60;3,326533743
Sandy;Barley;519,3070377;23,70710619;TRUE;FALSE;Cloudy;106;4,81574349
Clay;Barley;505,118079;25,13764424;TRUE;FALSE;Cloudy;130;4,295461597
Sandy;Cotton;603,7836946;17,89189693;FALSE;FALSE;Rainy;69;3,441205037
Silt;Rice;193,889733;37,15726558;TRUE;FALSE;Rainy;73;2,54674255
Clay;Rice;764,725135;26,92944494;FALSE;TRUE;Rainy;89;4,892668265
Peaty;Rice;740,6803992;31,2194814;FALSE;FALSE;Cloudy;73;4,145958326
Sandy;Rice;829,146247;33,30813396;TRUE;FALSE;Cloudy;114;5,899336565
Loam;Cotton;722,2986622;35,97022852;TRUE;FALSE;Cloudy;92;5,705646947
Clay;Wheat;639,9355162;36,90902603;TRUE;FALSE;Cloudy;138;5,847673486
Loam;Rice;114,1888519;36,058282;FALSE;TRUE;Sunny;72;2,694726057
Silt;Cotton;800,3040751;24,91612353;FALSE;FALSE;Sunny;144;4,167688259
Clay;Wheat;591,9618672;35,43567577;TRUE;TRUE;Rainy;96;6,81899236
Loam;Soybean;863,479586;29,17763779;FALSE;TRUE;Rainy;105;5,03274079
Chalky;Cotton;383,5624849;38,73538417;TRUE;TRUE;Sunny;79;5,680288427
Loam;Barley;539,2475766;21,60330612;FALSE;FALSE;Sunny;102;3,04528886
Chalky;Cotton;245,3055348;31,71818813;TRUE;TRUE;Rainy;70;3,743913346
Clay;Soybean;408,5597705;24,04215294;TRUE;FALSE;Cloudy;132;4,040488043
Chalky;Soybean;822,2287888;36,37435801;TRUE;FALSE;Rainy;126;7,090661228
Chalky;Soybean;297,8955549;36,5087905;TRUE;TRUE;Rainy;143;5,427233026
Silt;Soybean;739,5071742;16,2343662;FALSE;TRUE;Sunny;110;6,375758654
Loam;Barley;185,5906478;33,09814855;TRUE;FALSE;Sunny;122;2,74845143
Peaty;Cotton;908,8983641;29,73935485;TRUE;TRUE;Sunny;144;7,133365705
Peaty;Cotton;648,949069;35,1899604;FALSE;TRUE;Rainy;79;5,63647953
Peaty;Cotton;254,4521519;15,37471869;FALSE;TRUE;Cloudy;83;3,224061641
Chalky;Wheat;239,2547325;17,18014553;FALSE;TRUE;Cloudy;99;2,870081795
Clay;Cotton;691,5104739;21,3630968;TRUE;TRUE;Sunny;124;6,583458224
Chalky;Barley;575,5516111;17,44129264;FALSE;FALSE;Rainy;74;2,803136081
Silt;Wheat;215,3850542;27,97578705;FALSE;TRUE;Sunny;104;2,297089487
Clay;Wheat;881,5862454;16,0468424;TRUE;TRUE;Sunny;103;7,078065445
Clay;Rice;666,3979097;34,14406976;FALSE;FALSE;Cloudy;103;4,150386494
Clay;Rice;179,4935929;33,12796159;TRUE;FALSE;Cloudy;70;3,525947606
Peaty;Rice;714,9006927;20,67651555;TRUE;FALSE;Cloudy;66;4,998304438
Peaty;Barley;976,5756895;38,76669573;TRUE;FALSE;Rainy;149;7,511646854
Sandy;Barley;700,5584348;16,61054621;FALSE;TRUE;Sunny;95;4,859252325
Chalky;Rice;415,5984017;18,77423359;TRUE;FALSE;Cloudy;146;3,219177583
Loam;Maize;658,1781526;38,01540352;FALSE;FALSE;Cloudy;149;4,481179376
Clay;Rice;382,4712413;36,72059031;TRUE;TRUE;Rainy;139;6,337376165
Loam;Maize;331,6011662;39,39210836;FALSE;TRUE;Rainy;131;3,654019164
Chalky;Wheat;759,3880378;19,22959273;TRUE;FALSE;Cloudy;83;6,3426219
Sandy;Maize;194,1546747;39,1775056;FALSE;TRUE;Cloudy;109;2,483519452
Silt;Wheat;796,5427532;26,1630712;TRUE;TRUE;Sunny;63;6,69452218
Clay;Barley;293,0233496;20,17225343;FALSE;FALSE;Cloudy;105;1,697483525
Clay;Rice;544,0332828;38,58137021;FALSE;TRUE;Cloudy;71;4,713049368
Silt;Wheat;577,0726923;30,26120861;FALSE;TRUE;Rainy;135;5,184766129
Sandy;Barley;369,4477164;26,38168663;FALSE;FALSE;Sunny;136;2,797231785
Peaty;Barley;975,9460863;23,63430166;TRUE;FALSE;Cloudy;138;5,919990531
Clay;Soybean;877,2954639;24,28692461;FALSE;FALSE;Cloudy;92;5,175918192
Peaty;Rice;751,4080471;32,36279587;FALSE;TRUE;Rainy;80;5,228633421
Peaty;Barley;845,6582058;25,20836502;TRUE;FALSE;Cloudy;78;5,452503658
Sandy;Wheat;943,4841145;20,65399616;TRUE;TRUE;Sunny;93;7,193685235
Chalky;Wheat;380,8856776;19,23002888;FALSE;TRUE;Cloudy;119;3,872391513
Clay;Wheat;179,279513;19,55041055;FALSE;TRUE;Sunny;115;2,920640158
Sandy;Barley;959,5679823;22,31279582;FALSE;FALSE;Sunny;139;4,5853789
Silt;Cotton;279,3744371;32,94229766;FALSE;TRUE;Cloudy;113;2,918590193
Peaty;Wheat;874,5694545;16,96327278;TRUE;TRUE;Sunny;123;6,738239964
Peaty;Rice;864,0413537;16,13485191;TRUE;TRUE;Cloudy;71;8,140928122
Clay;Rice;213,9716747;24,14789168;TRUE;FALSE;Cloudy;107;2,939603174
Peaty;Rice;858,9309424;30,22162583;TRUE;FALSE;Sunny;79;6,868021585
Silt;Cotton;453,6169379;39,99786026;FALSE;FALSE;Sunny;97;2,864971464
Peaty;Soybean;825,6328048;29,738418;FALSE;TRUE;Cloudy;70;6,895785071
Loam;Cotton;315,8919568;29,1577628;TRUE;FALSE;Sunny;108;3,060185309
Chalky;Cotton;875,4888602;15,27359468;FALSE;TRUE;Sunny;138;5,499968905
Peaty;Maize;289,7027342;24,42559172;TRUE;TRUE;Sunny;79;4,597593218
Clay;Soybean;124,5955591;24,38163947;FALSE;FALSE;Rainy;125;1,129751277
Silt;Soybean;925,7231038;17,0858227;FALSE;FALSE;Sunny;64;4,570965727
Peaty;Rice;774,3957161;26,95981296;TRUE;FALSE;Cloudy;95;5,080677334
Chalky;Soybean;186,2577747;32,39164439;TRUE;TRUE;Sunny;115;2,785801199
Silt;Wheat;684,3022571;37,97082123;TRUE;TRUE;Cloudy;134;6,860846498
Loam;Cotton;562,3277855;18,32095113;TRUE;TRUE;Sunny;118;5,371825259
Clay;Maize;233,8373352;25,54651286;TRUE;TRUE;Rainy;102;4,924178119
Loam;Cotton;535,9879831;20,90823808;FALSE;FALSE;Rainy;75;3,081315304
Sandy;Cotton;587,8656518;15,06926341;TRUE;TRUE;Sunny;141;5,866466176
Chalky;Cotton;424,8781369;21,98139668;FALSE;FALSE;Rainy;69;2,77355618
Clay;Barley;989,3370652;28,02451173;FALSE;FALSE;Sunny;61;5,74931966
Loam;Wheat;265,2016931;23,50322642;FALSE;TRUE;Rainy;145;2,170870366
Silt;Maize;351,0026371;19,82001585;TRUE;TRUE;Rainy;143;5,500958442
Silt;Maize;235,954333;36,4103995;TRUE;TRUE;Rainy;101;4,823240152
Chalky;Maize;643,0318606;19,95067732;TRUE;FALSE;Cloudy;95;5,299609486
Sandy;Cotton;383,2188376;25,66027012;FALSE;FALSE;Rainy;144;2,064941276
Sandy;Soybean;308,3305889;18,59153089;FALSE;FALSE;Rainy;82;1,468311849
Clay;Rice;851,2900866;31,19042296;TRUE;TRUE;Sunny;93;7,664402393
Chalky;Soybean;641,6148248;33,96599196;TRUE;TRUE;Sunny;99;6,303698511
Silt;Rice;941,6027488;33,73482181;TRUE;FALSE;Cloudy;103;6,53682171
Sandy;Soybean;178,9501468;23,32577998;TRUE;FALSE;Sunny;127;3,665990091
Sandy;Cotton;610,4311932;18,61865033;TRUE;TRUE;Rainy;72;6,395810019
Silt;Soybean;283,0802623;27,97421128;FALSE;TRUE;Sunny;71;3,652089743
Silt;Rice;278,7240975;15,94003615;TRUE;TRUE;Cloudy;75;4,805483026
Peaty;Wheat;643,8711904;34,68957675;TRUE;TRUE;Rainy;139;6,402413428
Chalky;Rice;167,3549844;24,82543855;FALSE;FALSE;Cloudy;66;1,211949467
Sandy;Wheat;615,1290773;25,45346659;TRUE;TRUE;Cloudy;131;5,957738417
Sandy;Maize;612,9402645;20,55468038;TRUE;TRUE;Rainy;114;5,949747377
Chalky;Rice;674,9343882;24,37700761;FALSE;FALSE;Cloudy;112;4,320070075
Peaty;Maize;491,9395917;16,60175923;FALSE;FALSE;Sunny;98;2,258899867
Peaty;Wheat;116,3895942;28,51721973;TRUE;TRUE;Rainy;140;3,720741157
Clay;Soybean;428,1253036;37,81791568;FALSE;FALSE;Sunny;89;2,393351937
Loam;Soybean;811,8361445;36,14545039;TRUE;FALSE;Rainy;61;6,38021089
Peaty;Wheat;854,8467239;35,39131399;TRUE;TRUE;Sunny;66;8,127955654
Loam;Barley;370,2483964;18,31024235;FALSE;FALSE;Sunny;147;1,899373626
Sandy;Soybean;230,8488664;21,45971492;FALSE;TRUE;Cloudy;70;3,074361591
Sandy;Rice;849,5391853;27,50683451;TRUE;FALSE;Cloudy;112;6,894066678
Clay;Wheat;456,9061416;25,83704564;TRUE;TRUE;Cloudy;87;5,960384691
Chalky;Soybean;528,0007223;28,00738724;TRUE;FALSE;Sunny;111;5,05339075
Sandy;Rice;293,0170316;17,07442453;FALSE;TRUE;Cloudy;142;3,326976681
Chalky;Barley;499,923555;30,42439624;TRUE;FALSE;Rainy;124;4,619685876
Peaty;Cotton;644,5042689;24,45318456;TRUE;TRUE;Sunny;89;6,238937981
Chalky;Rice;215,2967022;34,26853795;TRUE;TRUE;Cloudy;103;4,039487975
Chalky;Soybean;675,4369977;16,49753796;TRUE;TRUE;Sunny;83;6,57916679
Sandy;Soybean;562,5262177;39,96114117;TRUE;FALSE;Sunny;144;5,502080802
Loam;Wheat;112,398294;34,14978697;FALSE;TRUE;Cloudy;85;2,54902175
Clay;Soybean;257,1829168;33,58929686;TRUE;FALSE;Cloudy;63;3,338275511
Silt;Wheat;590,0850676;19,3819237;TRUE;TRUE;Cloudy;102;6,165835381
Silt;Cotton;689,4876305;24,70440776;TRUE;FALSE;Sunny;105;5,74480853
Chalky;Soybean;664,7930093;29,14889804;TRUE;FALSE;Sunny;74;5,854634839
Loam;Barley;279,4627726;36,10297946;FALSE;TRUE;Cloudy;142;2,446531624
Clay;Maize;870,9336214;26,47357544;FALSE;FALSE;Rainy;143;4,432249578
Clay;Maize;801,9315772;24,73370942;FALSE;TRUE;Rainy;113;5,801225453
Sandy;Soybean;589,7302561;29,25587018;TRUE;FALSE;Rainy;107;4,806527224
Sandy;Cotton;555,0473489;36,07517877;FALSE;TRUE;Rainy;101;4,309130324
Peaty;Cotton;742,6012698;38,45331336;FALSE;FALSE;Sunny;77;4,823239234
Sandy;Soybean;363,7282749;27,01496483;FALSE;TRUE;Sunny;73;3,195310025
Chalky;Soybean;471,0424741;18,21705517;TRUE;TRUE;Sunny;69;5,214310811
Clay;Cotton;612,498687;33,66187952;FALSE;TRUE;Rainy;61;4,895020464
Peaty;Barley;947,4859522;35,2656541;FALSE;TRUE;Rainy;118;6,297920529
Loam;Maize;185,9354906;35,27074722;FALSE;TRUE;Sunny;64;3,842379833
Loam;Rice;505,9301554;18,92727753;FALSE;FALSE;Rainy;108;2,688980488
Peaty;Barley;209,4905726;16,73252476;TRUE;FALSE;Rainy;143;3,644037368
Clay;Cotton;887,3144732;38,74957756;TRUE;FALSE;Sunny;147;5,47256692
Clay;Wheat;447,0544133;26,21116388;FALSE;FALSE;Rainy;109;3,206013115
Sandy;Rice;895,5014233;38,68707348;FALSE;TRUE;Rainy;144;6,513161633
Chalky;Cotton;623,524482;21,9016915;FALSE;FALSE;Sunny;66;2,907269792
Silt;Soybean;796,6450618;15,49823813;TRUE;FALSE;Rainy;131;5,871827846
Clay;Wheat;619,4479511;36,32041764;TRUE;TRUE;Rainy;128;5,867237632
Sandy;Maize;831,3529279;16,13923798;TRUE;TRUE;Rainy;107;6,860501189
Clay;Wheat;929,6652682;28,8683087;TRUE;TRUE;Sunny;115;7,526929817
Sandy;Wheat;608,8387329;25,75337468;FALSE;FALSE;Cloudy;95;4,135745365
Clay;Wheat;298,1549359;35,23800197;FALSE;FALSE;Cloudy;105;2,201607758
Silt;Rice;778,4475138;19,45295302;TRUE;FALSE;Rainy;126;5,705107227
Silt;Wheat;821,5785232;24,94138447;FALSE;FALSE;Sunny;61;5,012063249
Chalky;Soybean;440,0835226;22,69076645;FALSE;TRUE;Sunny;124;4,097145414
Clay;Cotton;106,6822125;18,68059755;FALSE;FALSE;Sunny;64;0,409558401
Clay;Cotton;110,3307901;36,69542499;FALSE;FALSE;Sunny;120;1,154120218
Loam;Rice;419,99597;27,39402631;TRUE;FALSE;Cloudy;105;3,822038145
Clay;Maize;593,3755538;19,71730162;FALSE;FALSE;Cloudy;88;2,340775742
Sandy;Cotton;290,6897598;23,86060373;TRUE;TRUE;Cloudy;101;4,912017031
Peaty;Cotton;375,8632918;15,82644661;FALSE;TRUE;Cloudy;107;3,397756512
Silt;Rice;843,344647;29,44565684;TRUE;FALSE;Sunny;83;5,936766987
Chalky;Cotton;274,173226;20,05345262;FALSE;FALSE;Rainy;148;1,097598126
Chalky;Wheat;496,7199805;25,91421855;FALSE;TRUE;Sunny;123;4,383037141
Loam;Cotton;917,6595721;15,5165194;TRUE;FALSE;Rainy;114;6,848008017
Sandy;Wheat;983,4760321;28,71469156;FALSE;FALSE;Cloudy;104;5,076176031
Silt;Rice;732,4539374;19,21204042;FALSE;FALSE;Cloudy;129;3,707521942
Peaty;Wheat;680,3173578;20,02262748;FALSE;FALSE;Sunny;77;3,398378967
Loam;Barley;840,3077578;24,09086449;TRUE;FALSE;Rainy;65;5,947540177
Chalky;Cotton;585,5527664;22,72392477;TRUE;TRUE;Sunny;82;5,558257934
Peaty;Barley;792,5439879;38,72097183;FALSE;FALSE;Rainy;111;5,546768467
Peaty;Cotton;222,0819733;15,50685033;FALSE;FALSE;Rainy;114;1,416618398
Loam;Soybean;995,8247598;15,53692378;TRUE;FALSE;Cloudy;145;6,823043913
Sandy;Maize;317,67958;23,84077795;TRUE;TRUE;Rainy;85;4,368258807
Clay;Maize;782,9057165;34,96551114;TRUE;TRUE;Cloudy;123;7,825786734
Peaty;Barley;559,8886816;36,91782772;FALSE;TRUE;Cloudy;78;5,268760623
Sandy;Rice;299,1061796;15,50819639;FALSE;FALSE;Rainy;121;1,839554115
Chalky;Cotton;623,0582981;24,02023067;FALSE;FALSE;Sunny;132;3,31871082
Loam;Rice;777,1831961;29,20758043;TRUE;FALSE;Cloudy;129;6,487988987
Chalky;Cotton;108,0793572;23,19531614;TRUE;FALSE;Rainy;76;2,937480509
Loam;Wheat;634,5435346;15,84446038;TRUE;FALSE;Rainy;139;4,582034019
Clay;Wheat;587,8505003;38,94552665;TRUE;TRUE;Cloudy;99;5,673339276
Chalky;Barley;532,3391394;31,40192298;TRUE;FALSE;Rainy;98;4,03062358
Silt;Cotton;667,351471;35,6528193;TRUE;FALSE;Cloudy;91;5,436853062
Silt;Barley;535,5243702;39,79648878;FALSE;TRUE;Sunny;144;5,67219234
Loam;Cotton;496,9768937;39,06734038;TRUE;FALSE;Rainy;140;5,357021434
Silt;Maize;219,0784565;21,95040212;TRUE;TRUE;Cloudy;87;4,2541066
Chalky;Rice;559,3337639;34,77839573;TRUE;TRUE;Rainy;132;6,306225939
Silt;Cotton;192,4690455;17,17320588;TRUE;TRUE;Cloudy;129;4,726644584
Peaty;Soybean;268,2885342;31,84586792;TRUE;TRUE;Rainy;60;4,327050233
Clay;Cotton;701,5759307;30,61462594;TRUE;FALSE;Cloudy;90;6,024070935
Chalky;Wheat;839,2181158;17,32108732;FALSE;FALSE;Cloudy;149;4,469993066
Sandy;Soybean;278,6962408;21,92200131;FALSE;FALSE;Rainy;113;2,256223689
Peaty;Cotton;386,1059042;23,21157131;FALSE;FALSE;Rainy;61;2,405853353
Sandy;Soybean;993,8401277;23,75306335;FALSE;FALSE;Rainy;112;5,402210738
Clay;Cotton;720,2917792;20,41760018;TRUE;TRUE;Sunny;92;6,646451756
Chalky;Wheat;351,7386431;29,8215859;FALSE;FALSE;Rainy;80;3,421327354
Silt;Soybean;826,3688147;39,38989396;TRUE;TRUE;Sunny;149;7,720565564
Loam;Rice;893,0129299;16,94709501;FALSE;TRUE;Sunny;87;6,300866242
Peaty;Maize;870,1972673;33,06848445;TRUE;FALSE;Cloudy;75;5,93991886
Chalky;Soybean;990,611126;38,94584052;FALSE;TRUE;Sunny;71;7,076575863
Peaty;Rice;861,3751033;34,0920068;FALSE;TRUE;Sunny;138;5,722549964
Sandy;Soybean;368,0436595;31,69055734;FALSE;FALSE;Rainy;84;2,624011949
Chalky;Maize;212,5354978;35,29003679;FALSE;TRUE;Sunny;114;3,150020125
Sandy;Maize;352,209285;22,42369901;FALSE;FALSE;Cloudy;86;2,250341192
Chalky;Cotton;417,7959713;38,50516137;TRUE;TRUE;Sunny;86;5,278273873
Peaty;Barley;522,7986261;37,36042098;FALSE;FALSE;Rainy;65;4,549538531
Silt;Barley;446,0063394;33,29949785;TRUE;FALSE;Cloudy;76;4,104360221
Clay;Cotton;833,0023205;15,27298272;FALSE;FALSE;Rainy;149;5,303813426
Clay;Maize;401,2638567;33,28596715;FALSE;FALSE;Rainy;67;2,253331852
Chalky;Wheat;384,642863;17,51843452;TRUE;FALSE;Cloudy;90;4,017556715
Silt;Rice;549,7832645;30,39796179;FALSE;TRUE;Cloudy;133;4,296176823
Chalky;Wheat;884,5061138;16,10623393;FALSE;FALSE;Cloudy;76;5,03466033
Silt;Barley;656,6738187;29,72230194;FALSE;FALSE;Rainy;133;3,75673827
Sandy;Maize;752,143335;30,18321096;TRUE;FALSE;Sunny;81;6,141996632
Chalky;Rice;567,4475476;35,32637395;TRUE;FALSE;Sunny;66;5,313781608
Peaty;Maize;610,3930604;33,91134671;FALSE;TRUE;Rainy;141;5,147177195
Chalky;Soybean;267,1139101;23,43906967;TRUE;TRUE;Sunny;80;5,32726686
Chalky;Barley;928,4532924;32,11585699;FALSE;TRUE;Sunny;145;6,807740724
Chalky;Soybean;646,9831623;33,06165478;TRUE;TRUE;Cloudy;116;6,040087868
Clay;Rice;823,1399235;24,64419044;FALSE;TRUE;Rainy;131;5,426749959
Peaty;Barley;855,6629597;36,32528888;TRUE;FALSE;Sunny;118;6,980929036
Clay;Barley;167,1790895;26,64464969;TRUE;TRUE;Cloudy;137;3,975831764
Peaty;Rice;552,0523386;18,05799046;TRUE;TRUE;Cloudy;95;5,684401111
Clay;Barley;703,9697137;15,50877079;FALSE;TRUE;Cloudy;136;4,770893213
Loam;Soybean;730,7643524;33,56128577;TRUE;TRUE;Rainy;146;7,637448196
Loam;Barley;396,3061616;22,37138095;FALSE;FALSE;Sunny;145;3,242354628
Clay;Barley;204,6386614;15,34918512;TRUE;FALSE;Rainy;130;2,986788019
Loam;Soybean;352,9674093;32,58733523;FALSE;FALSE;Sunny;109;2,64341193
Peaty;Maize;916,685012;34,28733088;FALSE;TRUE;Cloudy;75;6,303137835
Peaty;Maize;189,5499789;15,84403325;FALSE;FALSE;Sunny;147;1,616547444
Peaty;Maize;463,4167268;18,07517152;FALSE;FALSE;Sunny;107;3,03111564
Loam;Wheat;264,5267909;32,5691373;FALSE;TRUE;Cloudy;124;2,735237413
Clay;Rice;828,1706409;22,51340257;TRUE;FALSE;Sunny;108;6,567696771
Peaty;Rice;994,1530195;24,48722511;TRUE;FALSE;Sunny;79;7,796867379
Loam;Maize;387,5939569;36,80388439;TRUE;TRUE;Sunny;84;5,201757648
Loam;Rice;472,6429286;19,03395557;FALSE;FALSE;Cloudy;69;3,133328255
Chalky;Soybean;670,716946;15,1390713;FALSE;FALSE;Cloudy;148;3,994365372
Chalky;Wheat;618,3917038;28,08849541;FALSE;TRUE;Rainy;98;4,882159052
Silt;Soybean;196,8930813;38,15263214;TRUE;TRUE;Cloudy;128;5,295315065
Sandy;Maize;920,6335214;35,23138251;TRUE;TRUE;Sunny;109;7,276132709
Peaty;Cotton;968,654618;27,15372439;TRUE;TRUE;Rainy;67;7,932415739
Clay;Maize;643,35943;17,75897317;TRUE;FALSE;Cloudy;60;4,642329409
Peaty;Wheat;725,9074074;27,10633494;FALSE;TRUE;Rainy;75;5,038168161
Silt;Maize;538,4714849;20,23515561;TRUE;FALSE;Sunny;122;3,966865745
Peaty;Soybean;163,7029475;21,39884086;TRUE;FALSE;Rainy;126;2,85862694
Peaty;Barley;312,6018175;35,71470866;TRUE;TRUE;Cloudy;81;4,245274122
Peaty;Barley;414,4259138;18,45304767;TRUE;FALSE;Rainy;127;3,538318927
Peaty;Wheat;927,7643943;35,82595294;FALSE;FALSE;Cloudy;139;5,478717375
Silt;Soybean;143,3305734;18,14911874;TRUE;TRUE;Rainy;78;4,818024274
Clay;Barley;445,8077717;24,29793833;FALSE;FALSE;Rainy;61;3,516815306
Clay;Rice;817,0853665;28,29988608;TRUE;FALSE;Sunny;124;7,057949152
Clay;Rice;425,5088787;34,42295453;TRUE;FALSE;Sunny;121;4,791056773
Loam;Barley;788,1588112;32,41534127;TRUE;FALSE;Cloudy;96;6,743169081
Clay;Wheat;722,263603;19,27290671;FALSE;FALSE;Rainy;90;3,931524067
Chalky;Maize;901,2266359;15,42353347;TRUE;TRUE;Cloudy;138;7,533664559
Silt;Rice;498,0127922;37,11940745;FALSE;TRUE;Sunny;63;4,658590454
Loam;Soybean;812,3648636;38,91717349;FALSE;TRUE;Cloudy;129;6,328249785
Silt;Wheat;942,6360156;36,2264325;FALSE;TRUE;Sunny;120;6,541645377
Clay;Maize;724,0546738;18,99983012;FALSE;TRUE;Rainy;84;5,22333861
Sandy;Cotton;227,3209582;33,70572066;FALSE;FALSE;Sunny;89;0,398197472
Silt;Maize;100,105325;39,34463367;TRUE;FALSE;Cloudy;81;1,746274079
Chalky;Maize;693,6864594;33,23859315;FALSE;TRUE;Sunny;102;4,717760014
Peaty;Soybean;847,9196604;39,88609669;TRUE;TRUE;Rainy;134;8,386296213
Loam;Wheat;503,3376661;16,18608218;TRUE;TRUE;Rainy;86;6,524127478
Peaty;Soybean;846,0654882;15,77365563;FALSE;TRUE;Rainy;87;6,24572648
Sandy;Barley;607,7248242;34,21532864;TRUE;FALSE;Cloudy;132;5,333449275
Clay;Rice;651,6644637;30,88349722;TRUE;FALSE;Sunny;96;5,528972725
Sandy;Cotton;781,4334251;25,53513415;TRUE;FALSE;Rainy;66;5,877820115
Loam;Rice;325,8699558;23,42636244;TRUE;TRUE;Sunny;79;5,001376199
Peaty;Maize;850,9263402;31,69392188;TRUE;TRUE;Rainy;107;7,660623221
Loam;Maize;964,7073422;26,83998595;FALSE;TRUE;Cloudy;61;5,802568407
Peaty;Wheat;227,3966622;32,90981918;FALSE;TRUE;Sunny;81;3,25269476
Peaty;Maize;133,2514889;36,43258809;FALSE;TRUE;Cloudy;120;2,367384987
Silt;Maize;488,2092874;28,75206952;TRUE;TRUE;Cloudy;66;5,756476649
Peaty;Wheat;356,280872;25,49453041;TRUE;TRUE;Rainy;125;4,771794046
Peaty;Cotton;101,0194206;33,80413111;FALSE;FALSE;Rainy;117;-0,007103269
Loam;Rice;757,1739295;35,776646;TRUE;TRUE;Sunny;107;6,964758921
Sandy;Cotton;696,535335;32,82852387;TRUE;FALSE;Sunny;88;5,470746957
Clay;Barley;199,7848962;23,65775655;FALSE;FALSE;Sunny;141;1,811569591
Silt;Rice;471,9912635;15,63388038;FALSE;TRUE;Sunny;93;4,583574804
Sandy;Barley;120,067699;35,14565762;TRUE;FALSE;Sunny;97;2,395456127
Loam;Soybean;283,2223961;35,56953662;TRUE;TRUE;Rainy;123;3,946385766
Chalky;Soybean;202,1594499;17,99240792;FALSE;FALSE;Rainy;143;1,404255588
Chalky;Wheat;606,3232294;21,53300068;FALSE;FALSE;Cloudy;77;3,294209452
Loam;Maize;307,7067727;34,31677393;TRUE;FALSE;Sunny;130;3,546996097
Peaty;Rice;938,8639975;21,41042082;TRUE;FALSE;Cloudy;79;6,137758707
Silt;Maize;701,6374756;22,91265509;FALSE;FALSE;Cloudy;104;3,595842069
Peaty;Rice;745,3944476;32,87995605;TRUE;TRUE;Sunny;111;7,229097928
Peaty;Wheat;135,762878;21,54430511;FALSE;TRUE;Rainy;87;1,646562091
Chalky;Barley;322,1906568;28,99321277;FALSE;FALSE;Cloudy;95;1,848451732
Clay;Cotton;569,2961349;34,97324736;TRUE;TRUE;Sunny;73;6,695671683
Loam;Wheat;541,1505217;39,92691312;TRUE;FALSE;Cloudy;68;4,509037684
Sandy;Wheat;514,7855407;35,62100342;TRUE;FALSE;Rainy;71;5,259987843
Sandy;Cotton;809,9944224;22,36980946;TRUE;TRUE;Cloudy;99;6,935900082
Sandy;Barley;365,5517483;26,3821813;FALSE;FALSE;Cloudy;111;2,106257724
Chalky;Cotton;157,0901554;32,8117602;TRUE;TRUE;Sunny;78;3,812099425
Chalky;Rice;760,2426017;35,26162634;TRUE;FALSE;Rainy;68;5,767918096
Silt;Wheat;705,8152311;24,15189465;TRUE;FALSE;Cloudy;62;5,464426776
Clay;Rice;632,0865101;29,13572873;TRUE;FALSE;Sunny;134;5,09999045
Silt;Barley;644,2868694;23,68756077;TRUE;TRUE;Sunny;80;5,818758762
Clay;Rice;861,0177848;16,18748152;FALSE;FALSE;Sunny;113;4,912212142
Silt;Wheat;740,9936187;38,55072604;TRUE;TRUE;Sunny;110;7,244128355
Loam;Barley;468,4267041;17,01977549;FALSE;TRUE;Rainy;89;4,490983154
Silt;Wheat;464,5982784;37,64740409;FALSE;FALSE;Cloudy;92;3,776438216
Sandy;Cotton;690,5943253;23,74571805;FALSE;TRUE;Cloudy;86;4,835537647
Silt;Wheat;572,3531296;22,83648453;FALSE;TRUE;Sunny;140;4,592402076
Clay;Wheat;220,4810092;39,42782599;FALSE;TRUE;Sunny;98;3,135660746
Peaty;Wheat;822,2162136;27,89324846;FALSE;FALSE;Sunny;99;4,007899142
Chalky;Rice;450,3948105;23,87336481;TRUE;FALSE;Cloudy;83;3,923571369
Chalky;Barley;329,2906265;28,09830844;FALSE;FALSE;Rainy;99;1,871937991
Clay;Rice;348,6577348;15,47502623;TRUE;TRUE;Cloudy;149;5,004671299
Clay;Wheat;622,9178355;20,93042072;TRUE;TRUE;Rainy;98;6,799004714
Chalky;Wheat;604,9318061;17,47799644;TRUE;TRUE;Sunny;112;6,617191829
Silt;Barley;360,9638124;24,8416715;TRUE;FALSE;Sunny;99;4,681977545
Peaty;Barley;455,45138;32,00634452;TRUE;FALSE;Sunny;121;4,883516397
Chalky;Rice;248,2225877;26,35923218;FALSE;FALSE;Rainy;72;1,654025411
Silt;Cotton;481,1685959;17,14482774;FALSE;FALSE;Sunny;117;2,981164966
Chalky;Soybean;964,6087152;25,9924808;FALSE;TRUE;Rainy;105;6,410150536
Silt;Wheat;192,0376634;16,76039981;TRUE;FALSE;Cloudy;119;2,911309751
